Páginas principales,Clics,Impresiones,CTR,Posición
https://justo.stephanbarker.com/es/pe,8,337,2.37%,38.49
https://justo.stephanbarker.com/es/cr,6,90,6.67%,28.46
https://justo.stephanbarker.com/tools/liquidacion-laboral?country=gt,4,49,8.16%,40.88
https://justo.stephanbarker.com/tools/vacaciones?country=ni,2,74,2.70%,12.3
https://justo.stephanbarker.com/es/ni,1,734,0.14%,12.05
https://justo.stephanbarker.com/tools/salario-neto?country=ni,1,275,0.36%,10.74
https://justo.stephanbarker.com/tools/vacaciones,1,58,1.72%,33.36
https://justo.stephanbarker.com/tools/liquidacion-laboral?country=sv,1,54,1.85%,43.37
https://justo.stephanbarker.com/tools/liquidacion-laboral?country=pa,1,48,2.08%,50.46
https://justo.stephanbarker.com/es/pa,1,42,2.38%,33.81
https://justo.stephanbarker.com/tools/salario-neto?country=hn,1,41,2.44%,8.54
https://justo.stephanbarker.com/tools/liquidacion-laboral?country=hn,1,39,2.56%,33.79
https://justo.stephanbarker.com/tools/liquidacion-laboral?country=cr,1,33,3.03%,42.18
https://justo.stephanbarker.com/es/hn,1,25,4%,14.52
https://justo.stephanbarker.com/es/sv,1,25,4%,32.04
https://justo.stephanbarker.com/,1,11,9.09%,33.18
https://justo.stephanbarker.com/tools/simulador-terminacion?country=sv,1,11,9.09%,66.64
https://justo.stephanbarker.com/tools/generador-contratos?country=cl,1,10,10%,38.9
https://justo.stephanbarker.com/tools/generador-contratos?country=gt,1,1,100%,1
https://justo.stephanbarker.com/es/co,0,838,0%,61.23
https://justo.stephanbarker.com/tools/liquidacion-laboral?country=co,0,680,0%,74.93
https://justo.stephanbarker.com/tools/salario-neto?country=mx,0,265,0%,73.09
https://justo.stephanbarker.com/tools/salario-neto?country=pe,0,238,0%,55.59
https://justo.stephanbarker.com/tools/vacaciones?country=co,0,198,0%,78.25
https://justo.stephanbarker.com/tools/liquidacion-laboral?country=cl,0,171,0%,87.13
https://justo.stephanbarker.com/tools/liquidacion-laboral?country=ni,0,157,0%,22.96
https://justo.stephanbarker.com/tools/liquidacion-laboral?country=mx,0,155,0%,84.85
https://justo.stephanbarker.com/tools/salario-neto?country=co,0,152,0%,71.67
https://justo.stephanbarker.com/es/cl,0,147,0%,63.3
https://justo.stephanbarker.com/tools/salario-neto?country=ar,0,136,0%,65.65
https://justo.stephanbarker.com/tools/liquidacion-laboral?country=ar,0,126,0%,87.06
https://justo.stephanbarker.com/tools/liquidacion-laboral,0,115,0%,79.97
https://justo.stephanbarker.com/es/mx,0,114,0%,55.47
https://justo.stephanbarker.com/tools/simulador-terminacion?country=mx,0,107,0%,84.69
https://justo.stephanbarker.com/tools/simulador-terminacion?country=cl,0,96,0%,90.28
https://justo.stephanbarker.com/tools/salario-neto?country=sv,0,93,0%,35.81
https://justo.stephanbarker.com/es/ar,0,91,0%,69.7
https://justo.stephanbarker.com/tools/vacaciones?country=mx,0,84,0%,79.11
https://justo.stephanbarker.com/tools/vacaciones?country=cl,0,77,0%,84.51
https://justo.stephanbarker.com/guia-laboral?country=co,0,75,0%,82.12
https://justo.stephanbarker.com/guia-laboral?country=ni,0,69,0%,34.1
https://justo.stephanbarker.com/tools/liquidacion-laboral?country=pe,0,69,0%,78.81
https://justo.stephanbarker.com/tools/salario-neto?country=cl,0,57,0%,52.14
https://justo.stephanbarker.com/tools/salario-neto?country=cr,0,55,0%,27.02
https://justo.stephanbarker.com/sv,0,51,0%,64.18
https://justo.stephanbarker.com/docs/legal/argentina/indemnizacion,0,50,0%,68.62
https://justo.stephanbarker.com/en/co?tool=salary-net,0,50,0%,84.26
https://justo.stephanbarker.com/cr,0,49,0%,53.51
https://justo.stephanbarker.com/tools/vacaciones?country=ar,0,49,0%,82.88
https://justo.stephanbarker.com/tools/vacaciones?country=pe,0,45,0%,61.62
https://justo.stephanbarker.com/tools/simulador-terminacion?country=ar,0,45,0%,86.96
https://justo.stephanbarker.com/tools/salario-neto?country=gt,0,44,0%,10.27
https://justo.stephanbarker.com/es/gt,0,43,0%,27.14
https://justo.stephanbarker.com/co,0,42,0%,46.45
https://justo.stephanbarker.com/tools/aguinaldo-decimo-bono?country=mx,0,42,0%,75.17
https://justo.stephanbarker.com/guia-laboral?country=cl,0,41,0%,80.46
https://justo.stephanbarker.com/tools/vacaciones?country=cr,0,39,0%,50.46
https://justo.stephanbarker.com/guia-laboral?country=pa,0,38,0%,67.66
https://justo.stephanbarker.com/docs/legal/guatemala,0,32,0%,11.75
https://justo.stephanbarker.com/ar,0,31,0%,74.97
https://justo.stephanbarker.com/guia-laboral?country=ar,0,31,0%,85.77
https://justo.stephanbarker.com/tools/salario-neto?country=pa,0,30,0%,25.57
https://justo.stephanbarker.com/pa,0,30,0%,40.57
https://justo.stephanbarker.com/guia-laboral?country=mx,0,28,0%,81.36
https://justo.stephanbarker.com/gt,0,27,0%,61.59
https://justo.stephanbarker.com/tools/salario-neto,0,25,0%,79.76
https://justo.stephanbarker.com/tools/vacaciones?country=hn,0,22,0%,39.64
https://justo.stephanbarker.com/guia-laboral?country=cr,0,22,0%,54.55
https://justo.stephanbarker.com/hn,0,21,0%,42
https://justo.stephanbarker.com/docs/legal/argentina/sac-aguinaldo,0,20,0%,71.75
https://justo.stephanbarker.com/docs/legal/chile/afc,0,19,0%,53.21
https://justo.stephanbarker.com/en/guia-laboral?country=pe,0,18,0%,7.28
https://justo.stephanbarker.com/tools/simulador-terminacion?country=co,0,18,0%,78.22
https://justo.stephanbarker.com/docs/legal/panama/impuesto-sobre-la-renta,0,16,0%,42.31
https://justo.stephanbarker.com/docs/legal/chile/impuesto-unico-de-trabajo,0,16,0%,51.25
https://justo.stephanbarker.com/tools/aguinaldo-decimo-bono?country=ni,0,16,0%,56.56
https://justo.stephanbarker.com/tools/vacaciones?country=pa,0,16,0%,59.06
https://justo.stephanbarker.com/docs/legal/nicaragua/indemnizacion,0,15,0%,26.87
https://justo.stephanbarker.com/en/privacy,0,15,0%,34.87
https://justo.stephanbarker.com/docs/legal/colombia/impuesto-sobre-la-renta,0,15,0%,42.13
https://justo.stephanbarker.com/ni,0,14,0%,36.93
https://justo.stephanbarker.com/pe,0,14,0%,39.29
https://justo.stephanbarker.com/mx,0,14,0%,54.79
https://justo.stephanbarker.com/tools/vacaciones?country=sv,0,14,0%,58.5
https://justo.stephanbarker.com/docs/legal/chile/salario-proporcional,0,14,0%,87.86
https://justo.stephanbarker.com/tools/generador-contratos?country=mx,0,13,0%,25.15
https://justo.stephanbarker.com/docs/legal/panama/indemnizacion,0,13,0%,32.08
https://justo.stephanbarker.com/docs/legal/guatemala/vacaciones,0,12,0%,16.08
https://justo.stephanbarker.com/en/tools/vacaciones?country=pe,0,12,0%,76
https://justo.stephanbarker.com/docs/legal/panama/css,0,11,0%,21.91
https://justo.stephanbarker.com/tools/simulador-terminacion?country=ni,0,11,0%,37.27
https://justo.stephanbarker.com/tools/simulador-terminacion,0,11,0%,59.64
https://justo.stephanbarker.com/docs/legal/mexico/indemnizacion,0,9,0%,70.22
https://justo.stephanbarker.com/guia-laboral?country=sv,0,8,0%,16.75
https://justo.stephanbarker.com/en/cookies,0,8,0%,37.38
https://justo.stephanbarker.com/guia-laboral?country=hn,0,8,0%,45.25
https://justo.stephanbarker.com/tools/vacaciones?country=gt,0,8,0%,49.75
https://justo.stephanbarker.com/docs/legal/chile/vacaciones,0,8,0%,70.62
https://justo.stephanbarker.com/es/cl?tool=settlement,0,8,0%,76
https://justo.stephanbarker.com/tools/aguinaldo-decimo-bono?country=ar,0,8,0%,82.12
https://justo.stephanbarker.com/tools/simulador-terminacion?country=gt,0,7,0%,48.86
https://justo.stephanbarker.com/tools/aguinaldo-decimo-bono?country=sv,0,7,0%,63.43
https://justo.stephanbarker.com/tools/preaviso?country=ar,0,7,0%,66.57
https://justo.stephanbarker.com/guia-laboral?country=pe,0,7,0%,77.57
https://justo.stephanbarker.com/en/ar?tool=settlement,0,6,0%,4.83
https://justo.stephanbarker.com/docs,0,6,0%,5.17
https://justo.stephanbarker.com/en/ni?tool=salary-net,0,6,0%,6.17
https://justo.stephanbarker.com/en/guia-laboral?country=cr,0,6,0%,6.33
https://justo.stephanbarker.com/en/ar?tool=contract,0,6,0%,9
https://justo.stephanbarker.com/tools/aguinaldo-decimo-bono?country=pa,0,6,0%,37
https://justo.stephanbarker.com/en/tools/vacaciones?country=pa,0,6,0%,59.67
https://justo.stephanbarker.com/docs/legal/colombia/vacaciones,0,5,0%,6.2
https://justo.stephanbarker.com/en/pe,0,5,0%,6.2
https://justo.stephanbarker.com/en/co,0,5,0%,6.6
https://justo.stephanbarker.com/docs/legal/elsalvador/afp,0,5,0%,9
https://justo.stephanbarker.com/docs/legal/honduras/deducciones,0,5,0%,11.6
https://justo.stephanbarker.com/docs/legal/panama/vacaciones,0,5,0%,35.4
https://justo.stephanbarker.com/docs/legal/colombia/prima-servicios,0,5,0%,55.6
https://justo.stephanbarker.com/docs/legal/costarica/impuesto-sobre-la-renta,0,5,0%,57.8
https://justo.stephanbarker.com/tools/aguinaldo-decimo-bono?country=cr,0,5,0%,67.2
https://justo.stephanbarker.com/docs/legal/peru/gratificaciones,0,5,0%,71.2
https://justo.stephanbarker.com/en/ni?tool=settlement,0,5,0%,71.6
https://justo.stephanbarker.com/tools?country=ni,0,5,0%,85.8
https://justo.stephanbarker.com/en/cr,0,4,0%,11
https://justo.stephanbarker.com/en/guia-laboral?country=ni,0,4,0%,29.75
https://justo.stephanbarker.com/tools/generador-contratos?country=ar,0,4,0%,39.75
https://justo.stephanbarker.com/en/tools/generador-contratos?country=co,0,4,0%,42.5
https://justo.stephanbarker.com/en/sv,0,3,0%,3
https://justo.stephanbarker.com/en/guia-laboral?country=sv,0,3,0%,7.67
https://justo.stephanbarker.com/tools/simulador-terminacion?country=hn,0,3,0%,7.67
https://justo.stephanbarker.com/docs/legal/elsalvador,0,3,0%,11.67
https://justo.stephanbarker.com/docs/legal/panama/aguinaldo,0,3,0%,24
https://justo.stephanbarker.com/guia-laboral?country=gt,0,3,0%,36.33
https://justo.stephanbarker.com/tools/simulador-terminacion?country=cr,0,3,0%,39
https://justo.stephanbarker.com/docs/legal/mexico/aguinaldo,0,3,0%,45.67
https://justo.stephanbarker.com/en/mx,0,3,0%,57.67
https://justo.stephanbarker.com/docs/legal/argentina/preaviso,0,3,0%,60.33
https://justo.stephanbarker.com/docs/legal/honduras/aguinaldo,0,3,0%,70.67
https://justo.stephanbarker.com/es/cl?tool=vacations,0,3,0%,87
https://justo.stephanbarker.com/tools/preaviso,0,3,0%,87.67
https://justo.stephanbarker.com/tools?country=pa,0,3,0%,97
https://justo.stephanbarker.com/tools?country=cl,0,3,0%,99.33
https://justo.stephanbarker.com/en/gt?tool=termination,0,2,0%,5
https://justo.stephanbarker.com/tools/generador-contratos?country=pe,0,2,0%,6
https://justo.stephanbarker.com/en/hn?tool=bonus,0,2,0%,6.5
https://justo.stephanbarker.com/docs/legal/nicaragua/salario-proporcional,0,2,0%,7.5
https://justo.stephanbarker.com/en/guia-laboral?country=cl,0,2,0%,7.5
https://justo.stephanbarker.com/tools/aguinaldo-decimo-bono?country=pe,0,2,0%,15.5
https://justo.stephanbarker.com/docs/legal/nicaragua/ir-rentas-trabajo,0,2,0%,18.5
https://justo.stephanbarker.com/en/pa?tool=contract,0,2,0%,28
https://justo.stephanbarker.com/tools/aguinaldo-decimo-bono?country=hn,0,2,0%,34.5
https://justo.stephanbarker.com/docs/legal/guatemala/igss,0,2,0%,47
https://justo.stephanbarker.com/docs/legal/chile/indemnizacion,0,2,0%,49
https://justo.stephanbarker.com/en/cl,0,2,0%,60
https://justo.stephanbarker.com/tools/aguinaldo-decimo-bono?country=co,0,2,0%,62
https://justo.stephanbarker.com/tools/simulador-terminacion?country=pa,0,2,0%,67
https://justo.stephanbarker.com/tools?country=gt,0,2,0%,75
https://justo.stephanbarker.com/docs/legal/chile/deducciones,0,2,0%,82.5
https://justo.stephanbarker.com/en/terms,0,1,0%,2
https://justo.stephanbarker.com/en/gt?tool=vacations,0,1,0%,3
https://justo.stephanbarker.com/en/ar?tool=termination,0,1,0%,4
https://justo.stephanbarker.com/en/gt?tool=settlement,0,1,0%,5
https://justo.stephanbarker.com/en/pa?tool=vacations,0,1,0%,5
https://justo.stephanbarker.com/docs/legal/peru/impuesto-a-la-renta,0,1,0%,7
https://justo.stephanbarker.com/en/co?tool=vacations,0,1,0%,7
https://justo.stephanbarker.com/en/guia-laboral?country=pa,0,1,0%,7
https://justo.stephanbarker.com/en/ni?tool=bonus,0,1,0%,8
https://justo.stephanbarker.com/en/ni?tool=vacations,0,1,0%,8
https://justo.stephanbarker.com/es/privacidad,0,1,0%,8
https://justo.stephanbarker.com/tools/generador-contratos?country=pa,0,1,0%,8
https://justo.stephanbarker.com/docs/legal/argentina/impuesto-a-las-ganancias,0,1,0%,9
https://justo.stephanbarker.com/en/pa?tool=settlement,0,1,0%,9
https://justo.stephanbarker.com/tools?country=hn,0,1,0%,9
https://justo.stephanbarker.com/es/cookies,0,1,0%,10
https://justo.stephanbarker.com/tools/preaviso?country=hn,0,1,0%,10
https://justo.stephanbarker.com/docs/legal/costarica/deducciones,0,1,0%,11
https://justo.stephanbarker.com/docs/legal/panama/deducciones,0,1,0%,11
https://justo.stephanbarker.com/en/guia-laboral?country=gt,0,1,0%,11
https://justo.stephanbarker.com/es/terminos,0,1,0%,11
https://justo.stephanbarker.com/tools/generador-contratos?country=cr,0,1,0%,11
https://justo.stephanbarker.com/tools/generador-contratos?country=sv,0,1,0%,11
https://justo.stephanbarker.com/es/cl?tool=bonus,0,1,0%,18
https://justo.stephanbarker.com/docs/legal/nicaragua,0,1,0%,31
https://justo.stephanbarker.com/en/tools/salario-neto?country=pa,0,1,0%,40
https://justo.stephanbarker.com/tools/generador-contratos?country=co,0,1,0%,44
https://justo.stephanbarker.com/docs/legal/elsalvador/aguinaldo,0,1,0%,50
https://justo.stephanbarker.com/tools/preaviso?country=mx,0,1,0%,57
https://justo.stephanbarker.com/tools?country=cr,0,1,0%,65
https://justo.stephanbarker.com/en/ar?tool=salary-net,0,1,0%,68
https://justo.stephanbarker.com/tools/aguinaldo-decimo-bono,0,1,0%,68
https://justo.stephanbarker.com/tools/aguinaldo-decimo-bono?country=gt,0,1,0%,71
https://justo.stephanbarker.com/docs/legal/costarica/aguinaldo,0,1,0%,74
https://justo.stephanbarker.com/en/gt,0,1,0%,74
https://justo.stephanbarker.com/docs/legal/elsalvador/indemnizacion,0,1,0%,75
https://justo.stephanbarker.com/en/tools?country=ni,0,1,0%,75
https://justo.stephanbarker.com/tools/preaviso?country=pe,0,1,0%,76
https://justo.stephanbarker.com/docs/legal/argentina,0,1,0%,77
https://justo.stephanbarker.com/docs/legal/mexico/vacaciones,0,1,0%,81
https://justo.stephanbarker.com/en/cr?tool=salary-net,0,1,0%,88
https://justo.stephanbarker.com/en/tools/liquidacion-laboral?country=mx,0,1,0%,89
https://justo.stephanbarker.com/en/tools/aguinaldo-decimo-bono?country=mx,0,1,0%,92
https://justo.stephanbarker.com/en/cr?tool=vacations,0,1,0%,93
https://justo.stephanbarker.com/tools/preaviso?country=ni,0,1,0%,95
https://justo.stephanbarker.com/en/tools?country=cl,0,1,0%,96